--
-- PostgreSQL database dump
--

-- Dumped from database version 11.4
-- Dumped by pg_dump version 13.4

-- Started on 2023-01-18 14:57:42

SET statement_timeout = 0;
SET lock_timeout = 0;
SET idle_in_transaction_session_timeout = 0;
SET client_encoding = 'UTF8';
SET standard_conforming_strings = on;
SELECT pg_catalog.set_config('search_path', '', false);
SET check_function_bodies = false;
SET xmloption = content;
SET client_min_messages = warning;
SET row_security = off;

--
-- TOC entry 3 (class 2615 OID 2200)
-- Name: public; Type: SCHEMA; Schema: -; Owner: postgres
--

CREATE SCHEMA public;


ALTER SCHEMA public OWNER TO postgres;

--
-- TOC entry 2960 (class 0 OID 0)
-- Dependencies: 3
-- Name: SCHEMA public; Type: COMMENT; Schema: -; Owner: postgres
--

COMMENT ON SCHEMA public IS 'standard public schema';


SET default_tablespace = '';

--
-- TOC entry 217 (class 1259 OID 1634536)
-- Name: client; Type: TABLE; Schema: public; Owner: postgres
--

CREATE TABLE public.client (
    id bigint NOT NULL,
    created_at timestamp(6) without time zone NOT NULL,
    created_by character varying(255),
    updated_at timestamp(6) without time zone NOT NULL,
    updated_by character varying(255),
    address character varying(255),
    name character varying(255),
    phone character varying(255)
);


ALTER TABLE public.client OWNER TO postgres;

--
-- TOC entry 216 (class 1259 OID 1634534)
-- Name: client_id_seq; Type: SEQUENCE; Schema: public; Owner: postgres
--

CREATE SEQUENCE public.client_id_seq
    START WITH 1
    INCREMENT BY 1
    NO MINVALUE
    NO MAXVALUE
    CACHE 1;


ALTER TABLE public.client_id_seq OWNER TO postgres;

--
-- TOC entry 2961 (class 0 OID 0)
-- Dependencies: 216
-- Name: client_id_seq; Type: SEQUENCE OWNED BY; Schema: public; Owner: postgres
--

ALTER SEQUENCE public.client_id_seq OWNED BY public.client.id;


--
-- TOC entry 213 (class 1259 OID 1626321)
-- Name: cs; Type: TABLE; Schema: public; Owner: postgres
--

CREATE TABLE public.cs (
    id bigint NOT NULL,
    created_at timestamp(6) without time zone NOT NULL,
    created_by character varying(255),
    updated_at timestamp(6) without time zone NOT NULL,
    updated_by character varying(255),
    deleted boolean NOT NULL,
    name character varying(255),
    wa_phone character varying(255)
);


ALTER TABLE public.cs OWNER TO postgres;

--
-- TOC entry 212 (class 1259 OID 1626319)
-- Name: cs_id_seq; Type: SEQUENCE; Schema: public; Owner: postgres
--

CREATE SEQUENCE public.cs_id_seq
    START WITH 1
    INCREMENT BY 1
    NO MINVALUE
    NO MAXVALUE
    CACHE 1;


ALTER TABLE public.cs_id_seq OWNER TO postgres;

--
-- TOC entry 2962 (class 0 OID 0)
-- Dependencies: 212
-- Name: cs_id_seq; Type: SEQUENCE OWNED BY; Schema: public; Owner: postgres
--

ALTER SEQUENCE public.cs_id_seq OWNED BY public.cs.id;


--
-- TOC entry 197 (class 1259 OID 1626141)
-- Name: daily_meeting; Type: TABLE; Schema: public; Owner: postgres
--

CREATE TABLE public.daily_meeting (
    id bigint NOT NULL,
    created_at timestamp(6) without time zone NOT NULL,
    created_by character varying(255),
    updated_at timestamp(6) without time zone NOT NULL,
    updated_by character varying(255),
    additional_notes character varying(255),
    blocker character varying(255),
    note_date date,
    today_note character varying(255),
    yesterday_note character varying(255),
    project_id bigint,
    user_id bigint
);


ALTER TABLE public.daily_meeting OWNER TO postgres;

--
-- TOC entry 196 (class 1259 OID 1626139)
-- Name: daily_meeting_id_seq; Type: SEQUENCE; Schema: public; Owner: postgres
--

CREATE SEQUENCE public.daily_meeting_id_seq
    START WITH 1
    INCREMENT BY 1
    NO MINVALUE
    NO MAXVALUE
    CACHE 1;


ALTER TABLE public.daily_meeting_id_seq OWNER TO postgres;

--
-- TOC entry 2963 (class 0 OID 0)
-- Dependencies: 196
-- Name: daily_meeting_id_seq; Type: SEQUENCE OWNED BY; Schema: public; Owner: postgres
--

ALTER SEQUENCE public.daily_meeting_id_seq OWNED BY public.daily_meeting.id;


--
-- TOC entry 199 (class 1259 OID 1626152)
-- Name: feature; Type: TABLE; Schema: public; Owner: postgres
--

CREATE TABLE public.feature (
    id bigint NOT NULL,
    created_at timestamp(6) without time zone NOT NULL,
    created_by character varying(255),
    updated_at timestamp(6) without time zone NOT NULL,
    updated_by character varying(255),
    name character varying(255)
);


ALTER TABLE public.feature OWNER TO postgres;

--
-- TOC entry 198 (class 1259 OID 1626150)
-- Name: feature_id_seq; Type: SEQUENCE; Schema: public; Owner: postgres
--

CREATE SEQUENCE public.feature_id_seq
    START WITH 1
    INCREMENT BY 1
    NO MINVALUE
    NO MAXVALUE
    CACHE 1;


ALTER TABLE public.feature_id_seq OWNER TO postgres;

--
-- TOC entry 2964 (class 0 OID 0)
-- Dependencies: 198
-- Name: feature_id_seq; Type: SEQUENCE OWNED BY; Schema: public; Owner: postgres
--

ALTER SEQUENCE public.feature_id_seq OWNED BY public.feature.id;


--
-- TOC entry 219 (class 1259 OID 1634552)
-- Name: issue; Type: TABLE; Schema: public; Owner: postgres
--

CREATE TABLE public.issue (
    id bigint NOT NULL,
    created_at timestamp(6) without time zone NOT NULL,
    created_by character varying(255),
    updated_at timestamp(6) without time zone NOT NULL,
    updated_by character varying(255),
    issue character varying(255),
    issue_status smallint,
    project_id bigint,
    user_id bigint
);


ALTER TABLE public.issue OWNER TO postgres;

--
-- TOC entry 218 (class 1259 OID 1634550)
-- Name: issue_id_seq; Type: SEQUENCE; Schema: public; Owner: postgres
--

CREATE SEQUENCE public.issue_id_seq
    START WITH 1
    INCREMENT BY 1
    NO MINVALUE
    NO MAXVALUE
    CACHE 1;


ALTER TABLE public.issue_id_seq OWNER TO postgres;

--
-- TOC entry 2965 (class 0 OID 0)
-- Dependencies: 218
-- Name: issue_id_seq; Type: SEQUENCE OWNED BY; Schema: public; Owner: postgres
--

ALTER SEQUENCE public.issue_id_seq OWNED BY public.issue.id;


--
-- TOC entry 215 (class 1259 OID 1626332)
-- Name: manual; Type: TABLE; Schema: public; Owner: postgres
--

CREATE TABLE public.manual (
    id bigint NOT NULL,
    created_at timestamp(6) without time zone NOT NULL,
    created_by character varying(255),
    updated_at timestamp(6) without time zone NOT NULL,
    updated_by character varying(255),
    file character varying(255),
    nama character varying(255)
);


ALTER TABLE public.manual OWNER TO postgres;

--
-- TOC entry 214 (class 1259 OID 1626330)
-- Name: manual_id_seq; Type: SEQUENCE; Schema: public; Owner: postgres
--

CREATE SEQUENCE public.manual_id_seq
    START WITH 1
    INCREMENT BY 1
    NO MINVALUE
    NO MAXVALUE
    CACHE 1;


ALTER TABLE public.manual_id_seq OWNER TO postgres;

--
-- TOC entry 2966 (class 0 OID 0)
-- Dependencies: 214
-- Name: manual_id_seq; Type: SEQUENCE OWNED BY; Schema: public; Owner: postgres
--

ALTER SEQUENCE public.manual_id_seq OWNED BY public.manual.id;


--
-- TOC entry 201 (class 1259 OID 1626163)
-- Name: notification; Type: TABLE; Schema: public; Owner: postgres
--

CREATE TABLE public.notification (
    id bigint NOT NULL,
    created_at timestamp(6) without time zone NOT NULL,
    created_by character varying(255),
    updated_at timestamp(6) without time zone NOT NULL,
    updated_by character varying(255),
    message character varying(255),
    read boolean NOT NULL,
    subject character varying(255),
    type integer,
    user_id bigint
);


ALTER TABLE public.notification OWNER TO postgres;

--
-- TOC entry 200 (class 1259 OID 1626161)
-- Name: notification_id_seq; Type: SEQUENCE; Schema: public; Owner: postgres
--

CREATE SEQUENCE public.notification_id_seq
    START WITH 1
    INCREMENT BY 1
    NO MINVALUE
    NO MAXVALUE
    CACHE 1;


ALTER TABLE public.notification_id_seq OWNER TO postgres;

--
-- TOC entry 2967 (class 0 OID 0)
-- Dependencies: 200
-- Name: notification_id_seq; Type: SEQUENCE OWNED BY; Schema: public; Owner: postgres
--

ALTER SEQUENCE public.notification_id_seq OWNED BY public.notification.id;


--
-- TOC entry 203 (class 1259 OID 1626174)
-- Name: project; Type: TABLE; Schema: public; Owner: postgres
--

CREATE TABLE public.project (
    id bigint NOT NULL,
    created_at timestamp(6) without time zone NOT NULL,
    created_by character varying(255),
    updated_at timestamp(6) without time zone NOT NULL,
    updated_by character varying(255),
    division integer,
    end_date date,
    name character varying(255),
    start_date date,
    status character varying(255),
    year integer NOT NULL,
    user_pm_id bigint,
    project_status integer,
    client_id bigint
);


ALTER TABLE public.project OWNER TO postgres;

--
-- TOC entry 202 (class 1259 OID 1626172)
-- Name: project_id_seq; Type: SEQUENCE; Schema: public; Owner: postgres
--

CREATE SEQUENCE public.project_id_seq
    START WITH 1
    INCREMENT BY 1
    NO MINVALUE
    NO MAXVALUE
    CACHE 1;


ALTER TABLE public.project_id_seq OWNER TO postgres;

--
-- TOC entry 2968 (class 0 OID 0)
-- Dependencies: 202
-- Name: project_id_seq; Type: SEQUENCE OWNED BY; Schema: public; Owner: postgres
--

ALTER SEQUENCE public.project_id_seq OWNED BY public.project.id;


--
-- TOC entry 205 (class 1259 OID 1626185)
-- Name: project_team; Type: TABLE; Schema: public; Owner: postgres
--

CREATE TABLE public.project_team (
    id bigint NOT NULL,
    project_id bigint,
    user_id bigint
);


ALTER TABLE public.project_team OWNER TO postgres;

--
-- TOC entry 204 (class 1259 OID 1626183)
-- Name: project_team_id_seq; Type: SEQUENCE; Schema: public; Owner: postgres
--

CREATE SEQUENCE public.project_team_id_seq
    START WITH 1
    INCREMENT BY 1
    NO MINVALUE
    NO MAXVALUE
    CACHE 1;


ALTER TABLE public.project_team_id_seq OWNER TO postgres;

--
-- TOC entry 2969 (class 0 OID 0)
-- Dependencies: 204
-- Name: project_team_id_seq; Type: SEQUENCE OWNED BY; Schema: public; Owner: postgres
--

ALTER SEQUENCE public.project_team_id_seq OWNED BY public.project_team.id;


--
-- TOC entry 207 (class 1259 OID 1626193)
-- Name: role; Type: TABLE; Schema: public; Owner: postgres
--

CREATE TABLE public.role (
    id bigint NOT NULL,
    created_at timestamp(6) without time zone NOT NULL,
    created_by character varying(255),
    updated_at timestamp(6) without time zone NOT NULL,
    updated_by character varying(255),
    name character varying(255)
);


ALTER TABLE public.role OWNER TO postgres;

--
-- TOC entry 209 (class 1259 OID 1626204)
-- Name: role_feature; Type: TABLE; Schema: public; Owner: postgres
--

CREATE TABLE public.role_feature (
    id bigint NOT NULL,
    created_at timestamp(6) without time zone NOT NULL,
    created_by character varying(255),
    updated_at timestamp(6) without time zone NOT NULL,
    updated_by character varying(255),
    feature_id bigint,
    role_id bigint
);


ALTER TABLE public.role_feature OWNER TO postgres;

--
-- TOC entry 208 (class 1259 OID 1626202)
-- Name: role_feature_id_seq; Type: SEQUENCE; Schema: public; Owner: postgres
--

CREATE SEQUENCE public.role_feature_id_seq
    START WITH 1
    INCREMENT BY 1
    NO MINVALUE
    NO MAXVALUE
    CACHE 1;


ALTER TABLE public.role_feature_id_seq OWNER TO postgres;

--
-- TOC entry 2970 (class 0 OID 0)
-- Dependencies: 208
-- Name: role_feature_id_seq; Type: SEQUENCE OWNED BY; Schema: public; Owner: postgres
--

ALTER SEQUENCE public.role_feature_id_seq OWNED BY public.role_feature.id;


--
-- TOC entry 206 (class 1259 OID 1626191)
-- Name: role_id_seq; Type: SEQUENCE; Schema: public; Owner: postgres
--

CREATE SEQUENCE public.role_id_seq
    START WITH 1
    INCREMENT BY 1
    NO MINVALUE
    NO MAXVALUE
    CACHE 1;


ALTER TABLE public.role_id_seq OWNER TO postgres;

--
-- TOC entry 2971 (class 0 OID 0)
-- Dependencies: 206
-- Name: role_id_seq; Type: SEQUENCE OWNED BY; Schema: public; Owner: postgres
--

ALTER SEQUENCE public.role_id_seq OWNED BY public.role.id;


--
-- TOC entry 211 (class 1259 OID 1626259)
-- Name: users; Type: TABLE; Schema: public; Owner: postgres
--

CREATE TABLE public.users (
    id bigint NOT NULL,
    created_at timestamp(6) without time zone NOT NULL,
    created_by character varying(255),
    updated_at timestamp(6) without time zone NOT NULL,
    updated_by character varying(255),
    active boolean,
    email character varying(255),
    image character varying(255),
    name character varying(255),
    nip character varying(255),
    password character varying(255),
    phone character varying(255),
    token character varying(255),
    username character varying(255),
    role_id bigint
);


ALTER TABLE public.users OWNER TO postgres;

--
-- TOC entry 210 (class 1259 OID 1626257)
-- Name: users_id_seq; Type: SEQUENCE; Schema: public; Owner: postgres
--

CREATE SEQUENCE public.users_id_seq
    START WITH 1
    INCREMENT BY 1
    NO MINVALUE
    NO MAXVALUE
    CACHE 1;


ALTER TABLE public.users_id_seq OWNER TO postgres;

--
-- TOC entry 2972 (class 0 OID 0)
-- Dependencies: 210
-- Name: users_id_seq; Type: SEQUENCE OWNED BY; Schema: public; Owner: postgres
--

ALTER SEQUENCE public.users_id_seq OWNED BY public.users.id;


--
-- TOC entry 2772 (class 2604 OID 1634539)
-- Name: client id; Type: DEFAULT; Schema: public; Owner: postgres
--

ALTER TABLE ONLY public.client ALTER COLUMN id SET DEFAULT nextval('public.client_id_seq'::regclass);


--
-- TOC entry 2770 (class 2604 OID 1626324)
-- Name: cs id; Type: DEFAULT; Schema: public; Owner: postgres
--

ALTER TABLE ONLY public.cs ALTER COLUMN id SET DEFAULT nextval('public.cs_id_seq'::regclass);


--
-- TOC entry 2762 (class 2604 OID 1626144)
-- Name: daily_meeting id; Type: DEFAULT; Schema: public; Owner: postgres
--

ALTER TABLE ONLY public.daily_meeting ALTER COLUMN id SET DEFAULT nextval('public.daily_meeting_id_seq'::regclass);


--
-- TOC entry 2763 (class 2604 OID 1626155)
-- Name: feature id; Type: DEFAULT; Schema: public; Owner: postgres
--

ALTER TABLE ONLY public.feature ALTER COLUMN id SET DEFAULT nextval('public.feature_id_seq'::regclass);


--
-- TOC entry 2773 (class 2604 OID 1634555)
-- Name: issue id; Type: DEFAULT; Schema: public; Owner: postgres
--

ALTER TABLE ONLY public.issue ALTER COLUMN id SET DEFAULT nextval('public.issue_id_seq'::regclass);


--
-- TOC entry 2771 (class 2604 OID 1626335)
-- Name: manual id; Type: DEFAULT; Schema: public; Owner: postgres
--

ALTER TABLE ONLY public.manual ALTER COLUMN id SET DEFAULT nextval('public.manual_id_seq'::regclass);


--
-- TOC entry 2764 (class 2604 OID 1626166)
-- Name: notification id; Type: DEFAULT; Schema: public; Owner: postgres
--

ALTER TABLE ONLY public.notification ALTER COLUMN id SET DEFAULT nextval('public.notification_id_seq'::regclass);


--
-- TOC entry 2765 (class 2604 OID 1626177)
-- Name: project id; Type: DEFAULT; Schema: public; Owner: postgres
--

ALTER TABLE ONLY public.project ALTER COLUMN id SET DEFAULT nextval('public.project_id_seq'::regclass);


--
-- TOC entry 2766 (class 2604 OID 1626188)
-- Name: project_team id; Type: DEFAULT; Schema: public; Owner: postgres
--

ALTER TABLE ONLY public.project_team ALTER COLUMN id SET DEFAULT nextval('public.project_team_id_seq'::regclass);


--
-- TOC entry 2767 (class 2604 OID 1626196)
-- Name: role id; Type: DEFAULT; Schema: public; Owner: postgres
--

ALTER TABLE ONLY public.role ALTER COLUMN id SET DEFAULT nextval('public.role_id_seq'::regclass);


--
-- TOC entry 2768 (class 2604 OID 1626207)
-- Name: role_feature id; Type: DEFAULT; Schema: public; Owner: postgres
--

ALTER TABLE ONLY public.role_feature ALTER COLUMN id SET DEFAULT nextval('public.role_feature_id_seq'::regclass);


--
-- TOC entry 2769 (class 2604 OID 1626262)
-- Name: users id; Type: DEFAULT; Schema: public; Owner: postgres
--

ALTER TABLE ONLY public.users ALTER COLUMN id SET DEFAULT nextval('public.users_id_seq'::regclass);


--
-- TOC entry 2952 (class 0 OID 1634536)
-- Dependencies: 217
-- Data for Name: client; Type: TABLE DATA; Schema: public; Owner: postgres
--

COPY public.client (id, created_at, created_by, updated_at, updated_by, address, name, phone) FROM stdin;
1	2023-01-17 13:43:53.928	admin	2023-01-17 13:48:07.685	admin	Jakarta Pusat	Kementerian Keuangan	6281213552057
3	2023-01-17 13:55:43.789	admin	2023-01-17 13:55:54.147	admin	Jakarta Selatan	Lua	6281213440021
4	2023-01-17 13:56:25.951	admin	2023-01-17 13:56:35.824	admin	Jakarta Timur	TNI AD	6299123004123
\.


--
-- TOC entry 2948 (class 0 OID 1626321)
-- Dependencies: 213
-- Data for Name: cs; Type: TABLE DATA; Schema: public; Owner: postgres
--

COPY public.cs (id, created_at, created_by, updated_at, updated_by, deleted, name, wa_phone) FROM stdin;
1	2023-01-10 09:52:52.76	admin	2023-01-18 09:10:53.817	admin	f	Wiwid	6281213552051
\.


--
-- TOC entry 2932 (class 0 OID 1626141)
-- Dependencies: 197
-- Data for Name: daily_meeting; Type: TABLE DATA; Schema: public; Owner: postgres
--

COPY public.daily_meeting (id, created_at, created_by, updated_at, updated_by, additional_notes, blocker, note_date, today_note, yesterday_note, project_id, user_id) FROM stdin;
1	2023-01-12 16:55:47.03007	admin	2023-01-12 16:55:47.03007	admin	catatan	kendala	2023-01-12	hari ini	hari kemarin	2	1
6	2023-01-16 07:36:59.913	admin	2023-01-16 07:59:13.799	admin	catatan	kendala	2023-01-16	hari ini 	kemarin	2	1
3	2023-01-16 07:27:55.286	admin	2023-01-18 09:15:54.856	admin	tes	tes	2023-01-18	tes	tes	4	1
2	2023-01-12 16:55:47.03007	admin	2023-01-18 09:16:07.458	admin	catatan	kendala	2023-01-18	hari ini	hari kemarin	2	1
7	2023-01-18 09:19:54.448	admin	2023-01-18 09:19:54.448	admin	add	blocker	2023-01-18	task	task	2	1
\.


--
-- TOC entry 2934 (class 0 OID 1626152)
-- Dependencies: 199
-- Data for Name: feature; Type: TABLE DATA; Schema: public; Owner: postgres
--

COPY public.feature (id, created_at, created_by, updated_at, updated_by, name) FROM stdin;
1	2023-01-06 09:38:46.960909	admin	2023-01-06 09:38:46.960909	admin	PROJECT_READ
2	2023-01-06 09:38:46.960909	admin	2023-01-06 09:38:46.960909	admin	TODO_READ
3	2023-01-06 09:38:46.960909	admin	2023-01-06 09:38:46.960909	admin	CLIENT_READ
4	2023-01-06 09:38:46.960909	admin	2023-01-06 09:38:46.960909	admin	USER_READ
5	2023-01-06 09:38:46.960909	admin	2023-01-06 09:38:46.960909	admin	PROJECT_CRUD
6	2023-01-06 09:38:46.960909	admin	2023-01-06 09:38:46.960909	admin	USER_CRUD
7	2023-01-06 09:38:46.960909	admin	2023-01-06 09:38:46.960909	admin	CLIENT_CRUD
8	2023-01-06 09:38:46.960909	admin	2023-01-06 09:38:46.960909	admin	TODO_CROD
9	2023-01-06 09:38:46.960909	admin	2023-01-06 09:38:46.960909	admin	SUPPORT_READ
10	2023-01-06 09:38:46.960909	admin	2023-01-06 09:38:46.960909	admin	SUPPORT_CRUD
\.


--
-- TOC entry 2954 (class 0 OID 1634552)
-- Dependencies: 219
-- Data for Name: issue; Type: TABLE DATA; Schema: public; Owner: postgres
--

COPY public.issue (id, created_at, created_by, updated_at, updated_by, issue, issue_status, project_id, user_id) FROM stdin;
\.


--
-- TOC entry 2950 (class 0 OID 1626332)
-- Dependencies: 215
-- Data for Name: manual; Type: TABLE DATA; Schema: public; Owner: postgres
--

COPY public.manual (id, created_at, created_by, updated_at, updated_by, file, nama) FROM stdin;
\.


--
-- TOC entry 2936 (class 0 OID 1626163)
-- Dependencies: 201
-- Data for Name: notification; Type: TABLE DATA; Schema: public; Owner: postgres
--

COPY public.notification (id, created_at, created_by, updated_at, updated_by, message, read, subject, type, user_id) FROM stdin;
1	2023-01-17 13:58:27.176	admin	2023-01-17 13:58:27.176	admin	Selamat anda ditugaskan dalam project Kerjain mohon dikerjakan sebaik mungkin	f	Penugasan Project : Kerjain	0	1
\.


--
-- TOC entry 2938 (class 0 OID 1626174)
-- Dependencies: 203
-- Data for Name: project; Type: TABLE DATA; Schema: public; Owner: postgres
--

COPY public.project (id, created_at, created_by, updated_at, updated_by, division, end_date, name, start_date, status, year, user_pm_id, project_status, client_id) FROM stdin;
2	2023-01-11 08:34:15.789	admin	2023-01-17 13:56:56.339	admin	0	2023-01-31	Kerjain	2023-01-01	\N	2023	1	0	3
5	2023-01-18 09:42:17.433	admin	2023-01-18 09:42:17.433	admin	0	2023-01-18	tes	2023-01-18	\N	2023	1	0	1
4	2023-01-16 13:54:43.585	admin	2023-01-18 14:49:17.16	admin	1	2023-01-16	Buku Tahunan TNIAD	2023-01-16	\N	2023	1	0	4
\.


--
-- TOC entry 2940 (class 0 OID 1626185)
-- Dependencies: 205
-- Data for Name: project_team; Type: TABLE DATA; Schema: public; Owner: postgres
--

COPY public.project_team (id, project_id, user_id) FROM stdin;
5	4	1
6	2	1
\.


--
-- TOC entry 2942 (class 0 OID 1626193)
-- Dependencies: 207
-- Data for Name: role; Type: TABLE DATA; Schema: public; Owner: postgres
--

COPY public.role (id, created_at, created_by, updated_at, updated_by, name) FROM stdin;
1	2023-01-06 09:41:06.360732	admin	2023-01-06 09:41:06.360732	admin	Administrator
\.


--
-- TOC entry 2944 (class 0 OID 1626204)
-- Dependencies: 209
-- Data for Name: role_feature; Type: TABLE DATA; Schema: public; Owner: postgres
--

COPY public.role_feature (id, created_at, created_by, updated_at, updated_by, feature_id, role_id) FROM stdin;
1	2023-01-06 09:41:30.048538	admin	2023-01-06 09:41:30.048538	admin	1	1
2	2023-01-06 09:41:30.048538	admin	2023-01-06 09:41:30.048538	admin	2	1
3	2023-01-06 09:41:30.048538	admin	2023-01-06 09:41:30.048538	admin	3	1
4	2023-01-06 09:41:30.048538	admin	2023-01-06 09:41:30.048538	admin	4	1
5	2023-01-06 09:41:30.048538	admin	2023-01-06 09:41:30.048538	admin	5	1
6	2023-01-16 08:10:33.359	admin	2023-01-16 08:10:33.359	admin	6	1
\.


--
-- TOC entry 2946 (class 0 OID 1626259)
-- Dependencies: 211
-- Data for Name: users; Type: TABLE DATA; Schema: public; Owner: postgres
--

COPY public.users (id, created_at, created_by, updated_at, updated_by, active, email, image, name, nip, password, phone, token, username, role_id) FROM stdin;
1	2023-01-06 09:49:33.698034	admin	2023-01-06 09:49:33.698034	admin	t	admin@gmain.com	\N	admin	123456	$2a$10$jL5NakyuPeDvn3o/BlBvsedHLdH2ukg9IdCfTxK1WJtpsxMXsyPZe	213456	\N	admin	1
\.


--
-- TOC entry 2973 (class 0 OID 0)
-- Dependencies: 216
-- Name: client_id_seq; Type: SEQUENCE SET; Schema: public; Owner: postgres
--

SELECT pg_catalog.setval('public.client_id_seq', 4, true);


--
-- TOC entry 2974 (class 0 OID 0)
-- Dependencies: 212
-- Name: cs_id_seq; Type: SEQUENCE SET; Schema: public; Owner: postgres
--

SELECT pg_catalog.setval('public.cs_id_seq', 1, true);


--
-- TOC entry 2975 (class 0 OID 0)
-- Dependencies: 196
-- Name: daily_meeting_id_seq; Type: SEQUENCE SET; Schema: public; Owner: postgres
--

SELECT pg_catalog.setval('public.daily_meeting_id_seq', 7, true);


--
-- TOC entry 2976 (class 0 OID 0)
-- Dependencies: 198
-- Name: feature_id_seq; Type: SEQUENCE SET; Schema: public; Owner: postgres
--

SELECT pg_catalog.setval('public.feature_id_seq', 10, true);


--
-- TOC entry 2977 (class 0 OID 0)
-- Dependencies: 218
-- Name: issue_id_seq; Type: SEQUENCE SET; Schema: public; Owner: postgres
--

SELECT pg_catalog.setval('public.issue_id_seq', 1, false);


--
-- TOC entry 2978 (class 0 OID 0)
-- Dependencies: 214
-- Name: manual_id_seq; Type: SEQUENCE SET; Schema: public; Owner: postgres
--

SELECT pg_catalog.setval('public.manual_id_seq', 1, false);


--
-- TOC entry 2979 (class 0 OID 0)
-- Dependencies: 200
-- Name: notification_id_seq; Type: SEQUENCE SET; Schema: public; Owner: postgres
--

SELECT pg_catalog.setval('public.notification_id_seq', 1, true);


--
-- TOC entry 2980 (class 0 OID 0)
-- Dependencies: 202
-- Name: project_id_seq; Type: SEQUENCE SET; Schema: public; Owner: postgres
--

SELECT pg_catalog.setval('public.project_id_seq', 5, true);


--
-- TOC entry 2981 (class 0 OID 0)
-- Dependencies: 204
-- Name: project_team_id_seq; Type: SEQUENCE SET; Schema: public; Owner: postgres
--

SELECT pg_catalog.setval('public.project_team_id_seq', 6, true);


--
-- TOC entry 2982 (class 0 OID 0)
-- Dependencies: 208
-- Name: role_feature_id_seq; Type: SEQUENCE SET; Schema: public; Owner: postgres
--

SELECT pg_catalog.setval('public.role_feature_id_seq', 6, true);


--
-- TOC entry 2983 (class 0 OID 0)
-- Dependencies: 206
-- Name: role_id_seq; Type: SEQUENCE SET; Schema: public; Owner: postgres
--

SELECT pg_catalog.setval('public.role_id_seq', 1, true);


--
-- TOC entry 2984 (class 0 OID 0)
-- Dependencies: 210
-- Name: users_id_seq; Type: SEQUENCE SET; Schema: public; Owner: postgres
--

SELECT pg_catalog.setval('public.users_id_seq', 1, true);


--
-- TOC entry 2795 (class 2606 OID 1634544)
-- Name: client client_pkey; Type: CONSTRAINT; Schema: public; Owner: postgres
--

ALTER TABLE ONLY public.client
    ADD CONSTRAINT client_pkey PRIMARY KEY (id);


--
-- TOC entry 2791 (class 2606 OID 1626329)
-- Name: cs cs_pkey; Type: CONSTRAINT; Schema: public; Owner: postgres
--

ALTER TABLE ONLY public.cs
    ADD CONSTRAINT cs_pkey PRIMARY KEY (id);


--
-- TOC entry 2775 (class 2606 OID 1626149)
-- Name: daily_meeting daily_meeting_pkey; Type: CONSTRAINT; Schema: public; Owner: postgres
--

ALTER TABLE ONLY public.daily_meeting
    ADD CONSTRAINT daily_meeting_pkey PRIMARY KEY (id);


--
-- TOC entry 2777 (class 2606 OID 1626160)
-- Name: feature feature_pkey; Type: CONSTRAINT; Schema: public; Owner: postgres
--

ALTER TABLE ONLY public.feature
    ADD CONSTRAINT feature_pkey PRIMARY KEY (id);


--
-- TOC entry 2797 (class 2606 OID 1634560)
-- Name: issue issue_pkey; Type: CONSTRAINT; Schema: public; Owner: postgres
--

ALTER TABLE ONLY public.issue
    ADD CONSTRAINT issue_pkey PRIMARY KEY (id);


--
-- TOC entry 2793 (class 2606 OID 1626340)
-- Name: manual manual_pkey; Type: CONSTRAINT; Schema: public; Owner: postgres
--

ALTER TABLE ONLY public.manual
    ADD CONSTRAINT manual_pkey PRIMARY KEY (id);


--
-- TOC entry 2779 (class 2606 OID 1626171)
-- Name: notification notification_pkey; Type: CONSTRAINT; Schema: public; Owner: postgres
--

ALTER TABLE ONLY public.notification
    ADD CONSTRAINT notification_pkey PRIMARY KEY (id);


--
-- TOC entry 2781 (class 2606 OID 1626182)
-- Name: project project_pkey; Type: CONSTRAINT; Schema: public; Owner: postgres
--

ALTER TABLE ONLY public.project
    ADD CONSTRAINT project_pkey PRIMARY KEY (id);


--
-- TOC entry 2783 (class 2606 OID 1626190)
-- Name: project_team project_team_pkey; Type: CONSTRAINT; Schema: public; Owner: postgres
--

ALTER TABLE ONLY public.project_team
    ADD CONSTRAINT project_team_pkey PRIMARY KEY (id);


--
-- TOC entry 2787 (class 2606 OID 1626212)
-- Name: role_feature role_feature_pkey; Type: CONSTRAINT; Schema: public; Owner: postgres
--

ALTER TABLE ONLY public.role_feature
    ADD CONSTRAINT role_feature_pkey PRIMARY KEY (id);


--
-- TOC entry 2785 (class 2606 OID 1626201)
-- Name: role role_pkey; Type: CONSTRAINT; Schema: public; Owner: postgres
--

ALTER TABLE ONLY public.role
    ADD CONSTRAINT role_pkey PRIMARY KEY (id);


--
-- TOC entry 2789 (class 2606 OID 1626267)
-- Name: users users_pkey; Type: CONSTRAINT; Schema: public; Owner: postgres
--

ALTER TABLE ONLY public.users
    ADD CONSTRAINT users_pkey PRIMARY KEY (id);


--
-- TOC entry 2799 (class 2606 OID 1626268)
-- Name: daily_meeting fk225hgtar1y2pp6t1s215asx42; Type: FK CONSTRAINT; Schema: public; Owner: postgres
--

ALTER TABLE ONLY public.daily_meeting
    ADD CONSTRAINT fk225hgtar1y2pp6t1s215asx42 FOREIGN KEY (user_id) REFERENCES public.users(id);


--
-- TOC entry 2807 (class 2606 OID 1626288)
-- Name: users fk4qu1gr772nnf6ve5af002rwya; Type: FK CONSTRAINT; Schema: public; Owner: postgres
--

ALTER TABLE ONLY public.users
    ADD CONSTRAINT fk4qu1gr772nnf6ve5af002rwya FOREIGN KEY (role_id) REFERENCES public.role(id);


--
-- TOC entry 2803 (class 2606 OID 1626224)
-- Name: project_team fk5fb0uivx2rshuy6386ppp6m8f; Type: FK CONSTRAINT; Schema: public; Owner: postgres
--

ALTER TABLE ONLY public.project_team
    ADD CONSTRAINT fk5fb0uivx2rshuy6386ppp6m8f FOREIGN KEY (project_id) REFERENCES public.project(id);


--
-- TOC entry 2805 (class 2606 OID 1626229)
-- Name: role_feature fk602jkws28uc62gtuyokf4ke07; Type: FK CONSTRAINT; Schema: public; Owner: postgres
--

ALTER TABLE ONLY public.role_feature
    ADD CONSTRAINT fk602jkws28uc62gtuyokf4ke07 FOREIGN KEY (feature_id) REFERENCES public.feature(id);


--
-- TOC entry 2802 (class 2606 OID 1634545)
-- Name: project fk8nw995uro0115f1go0dmrtn2d; Type: FK CONSTRAINT; Schema: public; Owner: postgres
--

ALTER TABLE ONLY public.project
    ADD CONSTRAINT fk8nw995uro0115f1go0dmrtn2d FOREIGN KEY (client_id) REFERENCES public.client(id);


--
-- TOC entry 2808 (class 2606 OID 1634561)
-- Name: issue fkcombytcpeogaqi2012phvvvhy; Type: FK CONSTRAINT; Schema: public; Owner: postgres
--

ALTER TABLE ONLY public.issue
    ADD CONSTRAINT fkcombytcpeogaqi2012phvvvhy FOREIGN KEY (project_id) REFERENCES public.project(id);


--
-- TOC entry 2801 (class 2606 OID 1626278)
-- Name: project fkdcgwowhxtw1avb0hax42bkhkb; Type: FK CONSTRAINT; Schema: public; Owner: postgres
--

ALTER TABLE ONLY public.project
    ADD CONSTRAINT fkdcgwowhxtw1avb0hax42bkhkb FOREIGN KEY (user_pm_id) REFERENCES public.users(id);


--
-- TOC entry 2798 (class 2606 OID 1626219)
-- Name: daily_meeting fkirfnfdomu96wpu2ry92ymc8bq; Type: FK CONSTRAINT; Schema: public; Owner: postgres
--

ALTER TABLE ONLY public.daily_meeting
    ADD CONSTRAINT fkirfnfdomu96wpu2ry92ymc8bq FOREIGN KEY (project_id) REFERENCES public.project(id);


--
-- TOC entry 2804 (class 2606 OID 1626283)
-- Name: project_team fkjqicm0e23l85u61xrvg1xjnpk; Type: FK CONSTRAINT; Schema: public; Owner: postgres
--

ALTER TABLE ONLY public.project_team
    ADD CONSTRAINT fkjqicm0e23l85u61xrvg1xjnpk FOREIGN KEY (user_id) REFERENCES public.users(id);


--
-- TOC entry 2806 (class 2606 OID 1626234)
-- Name: role_feature fkkvt34970jxowf984hrm3loqlg; Type: FK CONSTRAINT; Schema: public; Owner: postgres
--

ALTER TABLE ONLY public.role_feature
    ADD CONSTRAINT fkkvt34970jxowf984hrm3loqlg FOREIGN KEY (role_id) REFERENCES public.role(id);


--
-- TOC entry 2800 (class 2606 OID 1626273)
-- Name: notification fknk4ftb5am9ubmkv1661h15ds9; Type: FK CONSTRAINT; Schema: public; Owner: postgres
--

ALTER TABLE ONLY public.notification
    ADD CONSTRAINT fknk4ftb5am9ubmkv1661h15ds9 FOREIGN KEY (user_id) REFERENCES public.users(id);


--
-- TOC entry 2809 (class 2606 OID 1634566)
-- Name: issue fkpixej4khohre7b3lhnnd24o4i; Type: FK CONSTRAINT; Schema: public; Owner: postgres
--

ALTER TABLE ONLY public.issue
    ADD CONSTRAINT fkpixej4khohre7b3lhnnd24o4i FOREIGN KEY (user_id) REFERENCES public.users(id);


-- Completed on 2023-01-18 14:57:44

--
-- PostgreSQL database dump complete
--

